,Unnamed: 0,Unnamed: 0.1,Unnamed: 0.1.1,project_id,href,category,title,description,start_date,end_date,participants
0,0,0,0,1,,Haushalt & Reinigung,Meldens Hangar Molen,,14.05.21,06.07.21,60.0
1,1,1,1,2,,Tiere,Arreste Gehängen,,12.05.21,22.06.21,1000.0
2,2,2,2,3,,Haushalt & Reinigung,Suite Caesar,,10.05.21,18.06.21,50.0
3,3,3,3,4,,Freizeit & Reisen,Wegnetze Senftopf Kino,,15.02.21,31.12.21,200.0
4,4,4,4,5,,Beauty & Pflege,Sennern Crimpens,,04.05.21,15.06.21,7000.0
5,5,5,5,6,,Beauty & Pflege,Gremiums,,30.04.21,25.05.21,
6,6,6,6,7,,Technik & Online,Schulrat Kniefall,,29.04.21,04.06.21,1000.0
7,7,7,7,8,,Beauty & Pflege,Nestroys,,27.04.21,04.06.21,1500.0
8,8,8,8,9,,Beauty & Pflege,Lankerin Pulken,,22.04.21,17.05.21,
9,9,9,9,10,,Food & Snacks,Tüll,,14.04.21,31.05.21,3000.0
10,10,10,10,11,,Technik & Online,Kindl Achtals,,09.04.21,08.06.21,
11,11,11,11,12,,Beauty & Pflege,MDax Weckuhr,,03.02.21,31.12.21,9096.0
12,12,12,12,13,,Beauty & Pflege,Guayana,,13.04.21,06.05.21,
13,13,13,13,14,,Beauty & Pflege,Fährsteg Hickhack Lichtern,,06.04.21,29.04.21,
14,14,14,14,15,,Beauty & Pflege,Innentür Corinne Dankwitz,,01.04.21,11.05.21,800.0
15,15,15,15,16,,Beauty & Pflege,Bantus Windtür,,30.03.21,06.05.21,500.0
16,16,16,16,17,,Food & Snacks,Dublonen,,25.03.21,05.05.21,500.0
17,17,17,17,18,,Freizeit & Reisen,Vorkurse Bootlogo Minihose,,17.03.21,03.05.21,150.0
18,18,18,18,19,,Beauty & Pflege,Blaukopf Posex Delft,,10.03.21,26.04.21,2000.0
19,19,19,19,20,,Beauty & Pflege,Bosnien,,09.03.21,06.04.21,
20,20,20,20,21,,Beauty & Pflege,Cordhose,,08.03.21,20.04.21,3000.0
21,21,21,21,22,,Beauty & Pflege,Morgan Genchips,,05.03.21,29.03.21,
22,22,22,22,23,,Beauty & Pflege,Wundklee Goldeuro Mittwoch,,02.03.21,24.03.21,
23,23,23,23,24,,Food & Snacks,Fan Siegelns,,01.03.21,07.04.21,1000.0
24,24,24,24,25,,Tiere,Trader Grasart Uiguren,,25.02.21,15.04.21,5000.0
25,25,25,25,26,,Haushalt & Reinigung,Kombiabo,,22.02.21,14.04.21,5000.0
26,26,26,26,27,,Beauty & Pflege,Hauer Edekas,,12.02.21,01.04.21,2500.0
27,27,27,27,28,,Beauty & Pflege,Backteig,,12.02.21,09.03.21,
28,28,28,28,29,,Beauty & Pflege,Welpe Bosch,,10.02.21,30.03.21,1500.0
29,29,29,29,30,,Tiere,Uigure,,21.01.21,23.02.21,100.0
30,30,30,30,31,,Beauty & Pflege,Rohrau Dreizahl,,13.01.21,18.03.21,1500.0
31,31,31,31,32,,Haushalt & Reinigung,Blinker,,12.01.21,18.02.21,1000.0
32,32,32,32,33,,Getränke,Pfarren MESZ Bälgern,,21.12.20,05.02.21,250.0
33,33,33,33,34,,Beauty & Pflege,Couches Lügerei,,01.12.20,14.01.21,2000.0
34,34,34,34,35,,Beauty & Pflege,Moroni Bluff Konche,,25.11.20,21.01.21,3000.0
35,35,35,35,36,,Food & Snacks,Heilern,,19.11.20,06.01.21,3500.0
36,36,36,36,37,,Beauty & Pflege,Huftiers,,10.11.20,10.01.21,10000.0
37,37,37,37,38,,Beauty & Pflege,ÖVP Bibertal,,03.11.20,23.12.20,4000.0
38,38,38,38,39,,Freizeit & Reisen,Lachsart Dachpilz,,02.11.20,06.01.21,40.0
39,39,39,39,40,,Tiere,AfD Hirschs,,23.10.20,07.12.20,100.0
40,40,40,40,41,,Food & Snacks,Bildung Telenova Kabilas,,14.10.20,10.12.20,4000.0
41,41,41,41,42,,Beauty & Pflege,Backfrau,,02.10.20,23.11.20,
42,42,42,42,43,,Food & Snacks,Pinzgaus Heilands Hundeart,,28.09.20,18.11.20,1200.0
43,43,43,43,44,,Beauty & Pflege,Radseite Filzkurs,,23.09.20,29.10.20,3000.0
44,44,44,44,45,,Getränke,Pütt Infix Ecksäule,,25.08.20,01.10.20,500.0
45,45,45,45,46,,Haushalt & Reinigung,Corps Passmann,,18.08.20,24.09.20,500.0
46,46,46,46,47,,Beauty & Pflege,Oberklee,,03.08.20,24.09.20,5000.0
47,47,47,47,48,,Food & Snacks,Arvid Rotkohle Aufrufs,,21.07.20,26.08.20,600.0
48,48,48,48,49,,Beauty & Pflege,Gregory Urhebers,,24.06.20,04.08.20,500.0
49,49,49,49,50,,Beauty & Pflege,Sandbuch Ofens,,19.06.20,15.10.20,100.0
50,50,50,50,51,,Tiere,Umgegend,,15.06.20,29.07.20,300.0
51,51,51,51,52,,Food & Snacks,Salzzahl Fincas Fußwurf,,15.06.20,28.07.20,300.0
52,52,52,52,53,,Beauty & Pflege,Cobain Halbdot,,09.06.20,23.07.20,1000.0
53,53,53,53,54,,Haushalt & Reinigung,Urstaat Fegers,,29.05.20,30.06.20,120.0
54,54,54,54,55,,Haushalt & Reinigung,Paolo Werder,,29.05.20,14.08.20,120.0
55,55,55,55,56,,Haushalt & Reinigung,Ulk Julierin,,28.05.20,29.06.20,120.0
56,56,56,56,57,,Beauty & Pflege,Abigail UFRGS Doper,,27.05.20,15.07.20,1000.0
57,57,57,57,58,,Beauty & Pflege,Viehzaun,,26.05.20,09.07.20,2000.0
58,58,58,58,59,,Haushalt & Reinigung,Kanalzug,,20.05.20,13.07.20,5000.0
59,59,59,59,60,,Food & Snacks,HQ,,19.05.20,14.07.20,4000.0
60,60,60,60,61,,Beauty & Pflege,Giftmüll,,07.05.20,14.08.20,130.0
61,61,61,61,62,,Beauty & Pflege,Korkhelm,,17.04.20,30.06.20,100.0
62,62,62,62,63,,Getränke,Handouts Mascara Gaddafi,,30.03.20,05.05.20,
63,63,63,63,64,,Technik & Online,Öhringen Wurmberg,,20.03.20,17.06.20,20.0
64,64,64,64,65,,Freizeit & Reisen,Bildfunk Howards,,17.03.20,06.01.21,200.0
65,65,65,65,66,,Beauty & Pflege,Eisland Woyzecks,,16.03.20,04.05.20,3000.0
66,66,66,66,67,,Sonstiges,Verden Pesete Odins,,20.02.20,05.03.20,
67,67,67,67,68,,Beauty & Pflege,Mehlgast Ulfs,,10.02.20,18.03.20,4500.0
68,68,68,68,69,,Beauty & Pflege,Anregens,,04.02.20,11.03.20,100.0
69,69,69,69,70,,Haushalt & Reinigung,Backware,,03.02.20,30.04.20,100.0
70,70,70,70,71,,Food & Snacks,Tonbands Kirchtür,,15.01.20,28.02.20,10000.0
71,71,71,71,72,,Beauty & Pflege,Mondlaub Rollgeld Drehring,,09.12.19,22.01.20,1000.0
72,72,72,72,73,,Beauty & Pflege,Sehweite Nazarets Braunerz,,05.12.19,21.01.20,3000.0
73,73,73,73,74,,Getränke,Klotzens Gespan,,29.11.19,16.01.20,
74,74,74,74,75,,Technik & Online,Rondos Erdboas,,06.11.19,07.01.20,100.0
75,75,75,75,76,,Freizeit & Reisen,Ölblock Freiamt,,05.11.19,12.12.19,1200.0
76,76,76,76,77,,Food & Snacks,Nordteil Nebeltag Mondglas,,04.11.19,12.12.19,1000.0
77,77,77,77,78,,Technik & Online,Atrophie Castillo,,22.10.19,13.12.19,100.0
78,78,78,78,79,,Food & Snacks,Geoparks,,01.10.19,06.11.19,500.0
79,79,79,79,80,,Beauty & Pflege,Thymus Talaren,,12.09.19,21.10.19,500.0
80,80,80,80,81,,Gesundheit,Memels,,10.09.19,10.02.20,250.0
81,81,81,81,82,,Tiere,Zimtland,,09.09.19,28.10.19,
82,82,82,82,83,,Food & Snacks,Drumset Holozäns Eisspat,,06.08.19,20.09.19,5000.0
83,83,83,83,84,,Beauty & Pflege,Neuheim,,23.07.19,05.09.19,2000.0
84,84,84,84,85,,Beauty & Pflege,Erbauens,,15.07.19,30.08.19,500.0
85,85,85,85,86,,Beauty & Pflege,Zauderns Spornens Glaszahn,,23.05.19,21.06.19,270.0
86,86,86,86,87,,Haushalt & Reinigung,Ahnengut Ringkern,,02.05.19,25.06.19,1100.0
87,87,87,87,88,,Haushalt & Reinigung,Haaröls Hymnus Urvolkes,,29.04.19,07.06.19,100.0
88,88,88,88,89,,Getränke,Bromcyan,,04.04.19,17.05.19,
89,89,89,89,90,,Haushalt & Reinigung,Edelclub Warmhaus,,01.04.19,16.05.19,1500.0
90,90,90,90,91,,Beauty & Pflege,Köchen Ölfass,,21.03.19,07.05.19,500.0
91,91,91,91,92,,Beauty & Pflege,Südpols Pfarrern Krammet,,06.03.19,24.05.19,130.0
92,92,92,92,93,,Food & Snacks,Clubname Teegrund Aspekten,,04.02.19,05.06.19,5000.0
93,93,93,93,94,,Getränke,Hobelns Limbucht,,25.01.19,07.03.19,350.0
94,94,94,94,95,,Food & Snacks,Töle Steinuhr Manie,,16.01.19,20.02.19,600.0
95,95,95,95,96,,Haushalt & Reinigung,Fournier Error,,10.01.19,25.03.19,6000.0
96,96,96,96,97,,Haushalt & Reinigung,Hetzjagd,,06.12.18,04.06.19,30.0
97,97,97,97,98,,Haushalt & Reinigung,Kellerei,,05.12.18,29.11.19,50.0
98,98,98,98,99,,Food & Snacks,Wiehl Analstab Knorr,,03.12.18,10.01.19,1000.0
99,99,99,99,100,,Freizeit & Reisen,Nothof Seilwerk,,20.11.18,25.01.19,100.0
100,100,100,100,101,,Tiere,Stäupung Anlässen Kelterer,,16.11.18,02.01.19,1000.0
101,101,101,101,102,,Getränke,Mandelöl,,05.11.18,11.12.18,165.0
102,102,102,102,103,,Beauty & Pflege,Spielfuß Tobak Wales,,25.10.18,04.12.18,1500.0
103,103,103,103,104,,Beauty & Pflege,Kinoraum Ratens EnEV,,12.10.18,21.11.18,100.0
104,104,104,104,105,,Technik & Online,Haargras Mahr Bassbox,,09.10.18,10.12.18,80.0
105,105,105,105,106,,Tiere,Nazi Steckers Eichamt,,04.10.18,19.11.18,1000.0
106,106,106,106,107,,Freizeit & Reisen,Hebels Zyklons,,27.09.18,12.11.18,150.0
107,107,107,107,108,,Haushalt & Reinigung,Leak,,19.09.18,05.11.18,3000.0
108,108,108,108,109,,Food & Snacks,Esau,,18.09.18,06.11.18,748.0
109,109,109,109,110,,Beauty & Pflege,Komforts Becher Larsens,,10.09.18,31.10.18,300.0
110,110,110,110,111,,Freizeit & Reisen,Snob Freiwurf,,05.09.18,08.11.18,1000.0
111,111,111,111,112,,Beauty & Pflege,Plosiv Zwanges,,20.08.18,26.09.18,750.0
112,112,112,112,113,,Beauty & Pflege,Tinas Konfekts,,14.08.18,27.09.18,1000.0
113,113,113,113,114,,Freizeit & Reisen,Markisen Bahnform Vollholz,,13.08.18,19.09.18,200.0
114,114,114,114,115,,Getränke,Seenelke Treter,,27.07.18,17.09.18,
115,115,115,115,116,,Beauty & Pflege,Mastpute,,18.07.18,07.09.18,1000.0
116,116,116,116,117,,Haushalt & Reinigung,Mauls,,28.06.18,06.08.18,50.0
117,117,117,117,118,,Beauty & Pflege,Tränkens Wellrohr Kioto,,18.06.18,01.08.18,2500.0
118,118,118,118,119,,Technik & Online,Handjobs,,06.06.18,13.07.18,
119,119,119,119,120,,Getränke,Terms,,04.06.18,18.07.18,1500.0
120,120,120,120,121,,Beauty & Pflege,Baublatt Radseite Morelle,,28.05.18,10.07.18,500.0
121,121,121,121,122,,Haushalt & Reinigung,Ozeans Traumton Märzhase,,28.05.18,11.07.18,5500.0
122,122,122,122,123,,Haushalt & Reinigung,Helene Ioniern,,24.05.18,08.08.18,20.0
123,123,123,123,124,,Freizeit & Reisen,Ortens Lochball Stadtgas,,23.05.18,20.06.18,
124,124,124,124,125,,Tiere,Spitzels Finisher,,22.05.18,27.07.18,1500.0
125,125,125,125,126,,Haushalt & Reinigung,Textzuge Heike,,04.05.18,09.07.18,5000.0
126,126,126,126,127,,Gesundheit,Biertor Netzform Gestüt,,03.05.18,19.06.18,1000.0
127,127,127,127,128,,Beauty & Pflege,Apps,,30.04.18,05.10.18,2000.0
128,128,128,128,129,,Beauty & Pflege,Feldulme,,23.04.18,06.06.18,1500.0
129,129,129,129,130,,Beauty & Pflege,Festzelt Aktuator,,15.03.18,20.04.18,16024.0
130,130,130,130,131,,Technik & Online,Firnis,,13.03.18,16.05.18,300.0
131,131,131,131,132,,Haushalt & Reinigung,Bergnot Maikranz,,12.03.18,02.05.18,300.0
132,132,132,132,133,,Haushalt & Reinigung,Krokusse,,13.02.18,28.03.18,3000.0
133,133,133,133,134,,Gesundheit,Buslinie Ipswich,,02.01.18,14.02.18,1200.0
134,134,134,134,135,,Technik & Online,Urwahl Kernfeld,,29.11.17,18.01.18,100.0
135,135,135,135,136,,Food & Snacks,Spionin,,15.11.17,29.12.17,2000.0
136,136,136,136,137,,Food & Snacks,IVG Fluren McCarthy,,14.11.17,28.12.17,3000.0
137,137,137,137,138,,Beauty & Pflege,Gewebes Klapptür,,13.11.17,27.12.17,1000.0
138,138,138,138,139,,Freizeit & Reisen,Farbteig Baumnuss Kopfbiss,,09.11.17,27.12.17,300.0
139,139,139,139,140,,Technik & Online,Dachweg,,08.11.17,04.01.18,1000.0
140,140,140,140,141,,Technik & Online,Bezuges Gastod,,26.10.17,11.12.17,200.0
141,141,141,141,142,,Beauty & Pflege,Kuppen Pleremik Zellhaut,,02.10.17,16.11.17,1000.0
142,142,142,142,143,,Technik & Online,Totos Grind,,19.09.17,09.11.17,2000.0
143,143,143,143,144,,Getränke,Buffo Popeline,,06.09.17,19.10.17,
144,144,144,144,145,,Technik & Online,Idyllen,,10.08.17,27.10.17,
145,145,145,145,146,,Technik & Online,Wertsack Brandhub,,24.07.17,22.09.17,3000.0
146,146,146,146,147,,Beauty & Pflege,Vorriff Seveso,,26.06.17,23.08.17,100.0
147,147,147,147,148,,Getränke,Ziehens Kombüsen Sternart,,20.06.17,03.08.17,5000.0
148,148,148,148,149,,Gesundheit,Almenas Gradzahl,,19.06.17,10.08.17,1000.0
149,149,149,149,150,,Tiere,Wagenhub,,09.06.17,26.07.17,1500.0
150,150,150,150,151,,Beauty & Pflege,Kramers,,08.06.17,24.07.17,3000.0
151,151,151,151,152,,Getränke,Tonwerke Lochsieb Stützfuß,,06.06.17,12.07.17,1000.0
152,152,152,152,153,,Getränke,Rohmasse Zeitsinn Grünerle,,02.05.17,15.06.17,5000.0
153,153,153,153,154,,Gesundheit,Ladeplan Spickaal Ashanti,,04.04.17,01.06.17,1000.0
154,154,154,154,155,,Freizeit & Reisen,Nanomol Topase,,09.03.17,24.04.17,150.0
155,155,155,155,156,,Beauty & Pflege,Zugebens Hauptsee,,28.02.17,20.04.17,3000.0
156,156,156,156,157,,Beauty & Pflege,Magnete,,24.02.17,10.04.17,1500.0
157,157,157,157,158,,Haushalt & Reinigung,Spülens,,20.02.17,07.04.17,2000.0
158,158,158,158,159,,Freizeit & Reisen,Rindern Delhi Leittext,,16.02.17,03.04.17,4000.0
159,159,159,159,160,,Freizeit & Reisen,Neuwerk,,25.01.17,01.03.17,
160,160,160,160,161,,Beauty & Pflege,Murphy,,12.01.17,02.05.17,11000.0
161,161,161,161,162,,Beauty & Pflege,Salbens Windstoß,,12.01.17,02.05.17,1000.0
162,162,162,162,163,,Food & Snacks,Eishauch,,11.01.17,14.03.17,4200.0
163,163,163,163,164,,Food & Snacks,Zimtelfe,,10.01.17,23.02.17,4800.0
164,164,164,164,165,,Beauty & Pflege,Zugziele Hidalgos Poolrand,,02.01.17,15.03.17,1000.0
165,165,165,165,166,,Gesundheit,Zinkoxyd,,27.12.16,18.04.17,3000.0
166,166,166,166,167,,Getränke,Geschoss Wachsein Lodge,,15.12.16,25.01.17,
167,167,167,167,168,,Technik & Online,Netzberg Landmaus,,14.12.16,30.01.17,
168,168,168,168,169,,Beauty & Pflege,WestLB,,06.12.16,17.01.17,
169,169,169,169,170,,Haushalt & Reinigung,Klarglas,,05.12.16,24.01.17,
170,170,170,170,171,,Beauty & Pflege,Fußbälle Kaltgas,,24.11.16,16.01.17,
171,171,171,171,172,,Haushalt & Reinigung,Orkus,,22.11.16,11.05.17,
172,172,172,172,173,,Technik & Online,Krokodil Juxes Haarbaum,,09.11.16,28.12.16,
173,173,173,173,174,,Freizeit & Reisen,Blauohr Pelzrest,,07.11.16,14.12.16,
174,174,174,174,175,,Food & Snacks,Sporaden Flugtee,,03.11.16,26.12.16,900.0
175,175,175,175,176,,Haushalt & Reinigung,Pauker Serge Senkung,,21.10.16,05.12.16,
176,176,176,176,177,,Technik & Online,Sonanten Zamperl Olga,,18.10.16,13.12.16,
177,177,177,177,178,,Technik & Online,Schuren Ahlener,,12.10.16,24.11.16,
178,178,178,178,179,,Technik & Online,Vorlaufs,,05.10.16,30.11.16,200.0
179,179,179,179,180,,Technik & Online,Aischa Knabe Edwin,,15.09.16,07.11.16,
180,180,180,180,181,,Beauty & Pflege,Obstwein Dudens,,08.09.16,24.10.16,
181,181,181,181,182,,Technik & Online,Ottone Rapsöles Ratterns,,06.09.16,03.11.16,
182,182,182,182,183,,Food & Snacks,Mann Bildsame Floretts,,05.09.16,19.10.16,9000.0
183,183,183,183,184,,Food & Snacks,Seide Tours Fondue,,31.08.16,15.12.16,
184,184,184,184,185,,Technik & Online,Messers Sofas Detmold,,26.08.16,20.12.16,
185,185,185,185,186,,Haushalt & Reinigung,Zupfens Zugübung Zimtkopf,,26.08.16,20.10.16,
186,186,186,186,187,,Haushalt & Reinigung,Atomclub Krümel Varizen,,19.08.16,11.10.16,
187,187,187,187,188,,Beauty & Pflege,Hofräte Afrolook Gartens,,02.08.16,21.09.16,
188,188,188,188,189,,Food & Snacks,Dachhaut Eisinsel,,26.07.16,08.09.16,
189,189,189,189,190,,Haushalt & Reinigung,Hippias Titanin Siegerin,,19.07.16,01.09.16,
190,190,190,190,191,,Beauty & Pflege,Björn Halbblut Fettdorn,,14.07.16,01.09.16,
191,191,191,191,192,,Beauty & Pflege,Neogotik Kordlage Attrappe,,12.07.16,01.09.16,300.0
192,192,192,192,193,,Freizeit & Reisen,Südwerk,,21.06.16,14.07.16,
193,193,193,193,194,,Haushalt & Reinigung,Irak,,07.06.16,21.07.16,
194,194,194,194,195,,Beauty & Pflege,Wegezeit,,17.05.16,28.06.16,3000.0
195,195,195,195,196,,Food & Snacks,Roggen Fußpaare,,10.05.16,23.06.16,
196,196,196,196,197,,Haushalt & Reinigung,Feb,,09.05.16,14.07.16,
197,197,197,197,198,,Beauty & Pflege,Bereuens,,26.04.16,23.06.16,
198,198,198,198,199,,Gesundheit,Hügelfuß Kümmels,,25.04.16,08.06.16,4000.0
199,199,199,199,200,,Beauty & Pflege,Gründung,,19.04.16,06.06.16,
200,200,200,200,201,,Haushalt & Reinigung,Rückgang Abbruchs Prekativ,,18.04.16,02.06.16,1500.0
201,201,201,201,202,,Technik & Online,Winzern Bohratom,,12.04.16,07.06.16,
202,202,202,202,203,,Haushalt & Reinigung,Peters Zoller Regel,,11.04.16,26.05.16,
203,203,203,203,204,,Freizeit & Reisen,Jérôme,,07.04.16,06.06.16,50.0
204,204,204,204,205,,Food & Snacks,Führhand Zweckes Bergsitz,,06.04.16,23.05.16,
205,205,205,205,206,,Shops,Rotkabis Putzspur Juristik,,05.04.16,04.05.16,
206,206,206,206,207,,Technik & Online,Daphne Routen,,08.03.16,12.04.16,
207,207,207,207,208,,Beauty & Pflege,Bratling Zuchtort Klubheim,,07.03.16,20.04.16,2000.0
208,208,208,208,209,,Food & Snacks,Usbekin HfTL,,04.03.16,20.04.16,
209,209,209,209,210,,Gesundheit,Katie Ozon Bachrand,,03.03.16,14.04.16,
210,210,210,210,211,,Freizeit & Reisen,Dressur Konjunkt,,23.02.16,23.05.16,60.0
211,211,211,211,212,,Technik & Online,Urberg,,22.02.16,29.03.16,
212,212,212,212,213,,Getränke,Äffinnen Torfnase,,18.02.16,31.03.16,4000.0
213,213,213,213,214,,Gesundheit,Plumeaus Jitter Bürosex,,08.02.16,23.03.16,1000.0
214,214,214,214,215,,Food & Snacks,Wühlerin Rekord Apside,,04.02.16,07.07.16,
215,215,215,215,216,,Gesundheit,Puder Haupttor Bunsens,,02.02.16,03.03.16,
216,216,216,216,217,,Food & Snacks,Druse,,28.01.16,14.03.16,
217,217,217,217,218,,Freizeit & Reisen,Sporn Mischers Wirten,,08.01.16,19.02.16,
218,218,218,218,219,,Beauty & Pflege,Bergkuli Ethernet,,05.01.16,24.02.16,
219,219,219,219,220,,Gesundheit,Abaelard,,04.01.16,31.03.16,
220,220,220,220,221,,Beauty & Pflege,Mutisten Pullach Fechters,,22.12.15,16.02.16,
221,221,221,221,222,,Beauty & Pflege,Lukentür Handball Zügelung,,15.12.15,25.01.16,
222,222,222,222,223,,Food & Snacks,Plauen,,10.11.15,07.12.15,
223,223,223,223,224,,Technik & Online,Herdes Neuadeln Chicken,,05.11.15,04.01.16,
224,224,224,224,225,,Freizeit & Reisen,Flugwelt Burkinis Einrads,,29.10.15,24.12.15,
225,225,225,225,226,,Food & Snacks,Halver Learjets,,07.10.15,17.12.15,
226,226,226,226,227,,Technik & Online,Parkidee,,29.09.15,25.11.15,
227,227,227,227,228,,Beauty & Pflege,Fossa Lafnitz,,22.09.15,04.11.15,
228,228,228,228,229,,Beauty & Pflege,Ruby Nitrates,,22.09.15,18.11.15,
229,229,229,229,230,,Freizeit & Reisen,Backfrau Traurede,,15.09.15,11.11.15,
230,230,230,230,231,,Haushalt & Reinigung,Würfels Ölessenz,,14.09.15,18.03.16,
231,231,231,231,232,,Getränke,Racine Eilbote Botswana,,08.09.15,28.10.15,
232,232,232,232,233,,Haushalt & Reinigung,Epithet Edikt Zionist,,31.08.15,23.11.15,
233,233,233,233,234,,Beauty & Pflege,Elina Südgas,,03.08.15,24.09.15,
234,234,234,234,235,,Tiere,Hammels,,02.07.15,27.08.15,
235,235,235,235,236,,Technik & Online,Irakerin Operator Barkäufe,,16.06.15,08.09.15,
236,236,236,236,237,,Technik & Online,Elsbeere Vortanz,,09.06.15,07.08.15,
237,237,237,237,238,,Beauty & Pflege,Vollberg,,03.06.15,07.08.15,
238,238,238,238,239,,Freizeit & Reisen,Plattfuß Zuname,,01.06.15,29.07.15,
239,239,239,239,240,,Beauty & Pflege,Kemal Hohlerde Basspart,,27.05.15,09.07.15,
240,240,240,240,241,,Beauty & Pflege,Renners,,21.05.15,07.07.15,
241,241,241,241,242,,Beauty & Pflege,Hackers,,13.05.15,11.06.15,
242,242,242,242,243,,Technik & Online,Gerhart,,30.04.15,21.05.15,
243,243,243,243,244,,Beauty & Pflege,Learjet Gehzeit,,22.04.15,02.06.15,
244,244,244,244,245,,Freizeit & Reisen,Torfkahn Astern,,20.04.15,30.04.15,
245,245,245,245,246,,Food & Snacks,Soldatin Hauszins Klee,,01.04.15,04.06.15,
246,246,246,246,247,,Beauty & Pflege,Komtess Sparheft Phazelie,,31.03.15,26.05.15,
247,247,247,247,248,,Haushalt & Reinigung,Banker Ratsgang Sequels,,23.03.15,05.05.15,
248,248,248,248,249,,Beauty & Pflege,Goldmull Detmolds,,04.03.15,01.04.15,
249,249,249,249,250,,Getränke,Diurese Gemswurz,,17.02.15,17.03.15,
250,250,250,250,251,,Food & Snacks,Simonie Ölheizer,,16.02.15,17.03.15,
251,251,251,251,252,,Food & Snacks,Samsons Säcken Langheck,,12.02.15,12.03.15,
252,252,252,252,253,,Freizeit & Reisen,Exegeten Grenzsee Revanche,,11.02.15,11.03.15,
253,253,253,253,254,,Beauty & Pflege,Izmirs Analysis Deltas,,03.02.15,02.04.15,
254,254,254,254,255,,Beauty & Pflege,Endarten Klärwerk,,29.01.15,02.04.15,
255,255,255,255,256,,Food & Snacks,Getöse Witzelns,,27.01.15,10.03.15,
256,256,256,256,257,,Food & Snacks,Berggut,,20.01.15,17.02.15,
257,257,257,257,258,,Food & Snacks,George Bauwegen Oberau,,07.01.15,09.02.15,
258,258,258,258,259,,Beauty & Pflege,Bugrades Taues Klan,,25.11.14,26.01.15,
259,259,259,259,260,,Freizeit & Reisen,FPÖ,,25.11.14,23.12.14,
260,260,260,260,261,,Freizeit & Reisen,Kamms Gaststar Colmarer,,14.10.14,04.11.14,
261,261,261,261,262,,Food & Snacks,Seborrhö,,07.10.14,18.11.14,
262,262,262,262,263,,Haushalt & Reinigung,Hubarm,,06.10.14,19.11.14,
263,263,263,263,264,,Food & Snacks,Zielflug,,29.09.14,31.10.14,
264,264,264,264,265,,Shops,Eigentor Gezeter,,11.09.14,30.10.14,
265,265,265,265,266,,Beauty & Pflege,Strauße,,10.09.14,14.11.14,
266,266,266,266,267,,Beauty & Pflege,Nizzas Genfs Geizes,,04.09.14,09.10.14,
267,267,267,267,268,,Technik & Online,Sichtung,,25.08.14,24.10.14,
268,268,268,268,269,,Haushalt & Reinigung,Bussitze Studiker,,25.08.14,23.09.14,
269,269,269,269,270,,Technik & Online,Herzton Engadins,,21.08.14,03.10.14,
270,270,270,270,271,,Getränke,Malz Ebola Tiflis,,19.08.14,06.10.14,
271,271,271,271,272,,Beauty & Pflege,Türseite,,04.08.14,05.09.14,
272,272,272,272,273,,Technik & Online,Kamms Exzesse Ramsch,,24.07.14,05.09.14,
273,273,273,273,274,,Getränke,Laufgang Hilfsakt,,24.07.14,19.09.14,
274,274,274,274,275,,Haushalt & Reinigung,Ofenholz Rosentod,,10.07.14,29.08.14,
275,275,275,275,276,,Technik & Online,EADS,,25.06.14,08.08.14,
276,276,276,276,277,,Beauty & Pflege,Jörg,,16.06.14,18.07.14,
277,277,277,277,278,,Beauty & Pflege,Badewelt Götz Überzelt,,11.06.14,01.08.14,
278,278,278,278,279,,Beauty & Pflege,Brummi,,10.06.14,01.08.14,
279,279,279,279,280,,Haushalt & Reinigung,Uferwald,,04.06.14,11.07.14,
280,280,280,280,281,,Beauty & Pflege,Safrans,,04.06.14,14.08.14,
281,281,281,281,282,,Technik & Online,Nena Boni Hüftbild,,28.05.14,01.08.14,
282,282,282,282,283,,Beauty & Pflege,Bimbes Nadelton Karbon,,27.05.14,15.08.14,
283,283,283,283,284,,Getränke,Fluglärm Almkäse Prado,,27.05.14,11.07.14,
284,284,284,284,285,,Food & Snacks,Holms Enkels Erdrübe,,22.05.14,20.06.14,
285,285,285,285,286,,Beauty & Pflege,Brandtür Spagaten Kitzelns,,12.05.14,13.06.14,
286,286,286,286,287,,Food & Snacks,Pökling,,06.05.14,13.06.14,
287,287,287,287,288,,Beauty & Pflege,Oppeln Selektor Webdemo,,28.04.14,30.05.14,
288,288,288,288,289,,Food & Snacks,Otmars Kästner,,24.04.14,13.06.14,
289,289,289,289,290,,Food & Snacks,Uferbaum Baufuge Holztore,,08.04.14,09.05.14,
290,290,290,290,291,,Freizeit & Reisen,Stanzers Unarten,,03.04.14,02.05.14,
291,291,291,291,292,,Food & Snacks,Olme Obhut,,01.04.14,02.05.14,
292,292,292,292,293,,Beauty & Pflege,Gerüchte Fielmann Hebebaum,,01.04.14,16.05.14,
293,293,293,293,294,,Food & Snacks,Torfes Opalen,,27.03.14,16.05.14,
294,294,294,294,295,,Getränke,Saugfüße Binoms,,20.03.14,02.05.14,
295,295,295,295,296,,Technik & Online,Inc,,18.03.14,16.05.14,
296,296,296,296,297,,Haushalt & Reinigung,Aster Dreiecks Nährhefe,,13.03.14,16.05.14,
297,297,297,297,298,,Haushalt & Reinigung,Solowerk Ertrages Oberzone,,03.03.14,11.04.14,
298,298,298,298,299,,Beauty & Pflege,Blatt Häufens,,25.02.14,28.03.14,
299,299,299,299,300,,Beauty & Pflege,Judiths Abladern Mailands,,11.02.14,21.03.14,
300,300,300,300,301,,Technik & Online,Flatter Pimpfs,,06.02.14,11.04.14,
301,301,301,301,302,,Beauty & Pflege,Ghetto Fanta Eiskrams,,06.02.14,07.03.14,
302,302,302,302,303,,Technik & Online,Atheners Witzes,,22.01.14,14.03.14,
303,303,303,303,304,,Getränke,Öltücher Este Vorbauen,,16.01.14,21.02.14,
304,304,304,304,305,,Haushalt & Reinigung,Marcello Buntfilm,,23.12.13,07.03.14,
305,305,305,305,306,,Beauty & Pflege,Kalisalz Würstel Raumfeld,,10.12.13,17.01.14,
306,306,306,306,307,,Beauty & Pflege,Genom Nebel,,04.12.13,21.02.14,
307,307,307,307,308,,Gesundheit,Tratten,,14.11.13,23.12.13,
308,308,308,308,309,,Beauty & Pflege,Senkkopf Westkurs,,31.10.13,20.12.13,
309,309,309,309,310,,Getränke,Wahlding,,15.10.13,29.11.13,
310,310,310,310,311,,Haushalt & Reinigung,Salbei Golfbahn Ladins,,14.10.13,13.12.13,
311,311,311,311,312,,Technik & Online,Bleis Übersitz Tolstois,,10.10.13,06.12.13,
312,312,312,312,313,,Freizeit & Reisen,Molchart Weintour Wildfurt,,09.10.13,06.11.13,
313,313,313,313,314,,Food & Snacks,Remake Musikern,,01.10.13,29.11.13,
314,314,314,314,315,,Beauty & Pflege,Hörorgan Dinkels Wehrmann,,05.09.13,11.10.13,
315,315,315,315,316,,Food & Snacks,Korkring,,05.09.13,31.10.13,
316,316,316,316,317,,Getränke,Zugwege Leierei,,03.09.13,04.11.13,
317,317,317,317,318,,Beauty & Pflege,Tonteil Korkpore Ronde,,21.08.13,27.09.13,
318,318,318,318,319,,Beauty & Pflege,Chording Freihand Corinna,,04.07.13,02.08.13,
319,319,319,319,320,,Beauty & Pflege,Volkach,,02.07.13,30.08.13,
320,320,320,320,321,,Gesundheit,Kröpfen Algenart Mamsell,,13.06.13,04.10.13,
321,321,321,321,322,,Beauty & Pflege,Hofstück Kronland,,10.06.13,19.07.13,
322,322,322,322,323,,Haushalt & Reinigung,NC,,06.06.13,09.08.13,
323,323,323,323,324,,Beauty & Pflege,Delia Sprüchen,,06.06.13,02.08.13,
324,324,324,324,325,,Beauty & Pflege,Lindsay Fernbach Hofstift,,05.06.13,12.07.13,
325,325,325,325,326,,Beauty & Pflege,Rippen Lunge,,04.06.13,02.08.13,
326,326,326,326,327,,Getränke,Feldbote Buchhaus,,29.05.13,30.08.13,
327,327,327,327,328,,Getränke,Besätzen Hutgeld,,28.05.13,19.07.13,
328,328,328,328,329,,Beauty & Pflege,Bornholm,,25.04.13,21.06.13,
329,329,329,329,330,,Haushalt & Reinigung,Mäulchen,,11.04.13,21.06.13,
330,330,330,330,331,,Beauty & Pflege,Tierhirn Konzern Außenfuß,,12.03.13,26.04.13,
331,331,331,331,332,,Technik & Online,Kochanis Gässlein,,05.03.13,29.03.13,
332,332,332,332,333,,Food & Snacks,Maisteig Urstoffe,,14.02.13,15.03.13,
333,333,333,333,334,,Getränke,Brester Gebumse Debussys,,13.02.13,26.04.13,
334,334,334,334,335,,Getränke,Georgen,,05.02.13,15.03.13,
335,335,335,335,336,,Beauty & Pflege,Cytosin Blauhais,,24.01.13,22.02.13,
336,336,336,336,337,,Freizeit & Reisen,Marlis Gebrülls Fissur,,20.12.12,08.03.13,
337,337,337,337,338,,Technik & Online,Hinrichs Qinghai Prozente,,06.12.12,27.12.12,
338,338,338,338,339,,Food & Snacks,Feinmüll,,22.11.12,21.12.12,
339,339,339,339,340,,Freizeit & Reisen,Agilität Sessions Teufen,,19.11.12,18.12.12,
340,340,340,340,341,,Technik & Online,Lydien,,25.10.12,28.12.12,
341,341,341,341,342,,Food & Snacks,Strebern Hanois Großrain,,18.10.12,16.11.12,
342,342,342,342,343,,Freizeit & Reisen,Napfes Waxing,,01.10.12,09.11.12,
343,343,343,343,344,,Food & Snacks,Randsaum,,20.09.12,19.10.12,
344,344,344,344,345,,Getränke,Majas Seereich Kirchsee,,21.08.12,02.10.12,
345,345,345,345,346,,Freizeit & Reisen,Bratling Rabaukin Greuther,,16.08.12,14.09.12,
346,346,346,346,347,,Beauty & Pflege,Patrons Fußkäses Fährhaus,,13.08.12,19.10.12,
347,347,347,347,348,,Food & Snacks,Beitel Ozeanien Pedals,,02.08.12,31.08.12,
348,348,348,348,349,,Food & Snacks,Drehtür Hanser,,31.07.12,05.09.12,
349,349,349,349,350,,Beauty & Pflege,Gattin Solopart Rahels,,26.07.12,21.09.12,
350,350,350,350,351,,Haushalt & Reinigung,Bimbam Hasenfan,,24.07.12,24.08.12,
351,351,351,351,352,,Beauty & Pflege,Busbahn Größe Kithara,,12.07.12,21.09.12,
352,352,352,352,353,,Technik & Online,Rückerts Rindern,,05.07.12,31.08.12,
353,353,353,353,354,,Getränke,Löschwut Jaguare,,05.07.12,31.08.12,
354,354,354,354,355,,Food & Snacks,Laotin Kruke,,14.06.12,19.07.12,
355,355,355,355,356,,Beauty & Pflege,Nachweis,,06.06.12,06.07.12,
356,356,356,356,357,,Getränke,Homofone,,04.06.12,29.06.12,
357,357,357,357,358,,Freizeit & Reisen,Leserin Abakus Buntholz,,30.05.12,29.06.12,
358,358,358,358,359,,Getränke,Spüldüse,,29.05.12,27.06.12,
359,359,359,359,360,,Beauty & Pflege,Mitberg Pimpfen,,10.05.12,08.06.12,
360,360,360,360,361,,Food & Snacks,Renates,,10.05.12,06.07.12,
361,361,361,361,362,,Beauty & Pflege,Katia,,04.05.12,22.06.12,
362,362,362,362,363,,Beauty & Pflege,Fetzchen Kundus,,03.05.12,29.06.12,
363,363,363,363,364,,Beauty & Pflege,Ländlers Radschau Badeorte,,26.04.12,01.06.12,
364,364,364,364,365,,Gesundheit,Nöten,,25.04.12,29.06.12,
365,365,365,365,366,,Technik & Online,Seufzern Zuträger,,24.04.12,29.06.12,
366,366,366,366,367,,Freizeit & Reisen,Dealerin Bauebene Tarocks,,19.04.12,01.06.12,
367,367,367,367,368,,Haushalt & Reinigung,Zugsäge Atemloch,,19.04.12,15.06.12,
368,368,368,368,369,,Technik & Online,Papen,,02.04.12,01.06.12,
369,369,369,369,370,,Beauty & Pflege,Nigger,,29.03.12,25.05.12,
370,370,370,370,371,,Beauty & Pflege,Hausecks Cherubin,,29.03.12,25.05.12,
371,371,371,371,372,,Beauty & Pflege,Seewurf Pins,,29.03.12,27.04.12,
372,372,372,372,373,,Haushalt & Reinigung,Welthit,,22.03.12,18.05.12,
373,373,373,373,374,,Getränke,Sandhalm Achsende,,08.03.12,06.04.12,
374,374,374,374,375,,Gesundheit,Kredit Erotema Attilas,,06.03.12,04.05.12,
375,375,375,375,376,,Beauty & Pflege,Kaufteil Crosby,,16.02.12,23.03.12,
376,376,376,376,377,,Getränke,Schinder Landshut Eiswolke,,09.02.12,06.04.12,
377,377,377,377,378,,Technik & Online,Vignette Rudiment,,26.01.12,30.03.12,
378,378,378,378,379,,Beauty & Pflege,Knarzens Cassis Mont,,11.01.12,08.03.12,
379,379,379,379,380,,Food & Snacks,Rufens Suaden,,10.01.12,15.02.12,
380,380,380,380,381,,Beauty & Pflege,Höschen Sole Zusagens,,13.12.11,18.01.12,
381,381,381,381,382,,Freizeit & Reisen,Vokabeln Torenden,,17.11.11,02.12.11,
382,382,382,382,383,,Haushalt & Reinigung,Autoflug,,17.11.11,27.01.12,
383,383,383,383,384,,Beauty & Pflege,Hülse Laune,,16.11.11,26.01.12,
384,384,384,384,385,,Getränke,Iambus,,03.11.11,05.01.12,
385,385,385,385,386,,Freizeit & Reisen,Isomeren Marchese,,20.10.11,04.11.11,
386,386,386,386,387,,Technik & Online,Kicks Kitzler Things,,13.10.11,09.12.11,
387,387,387,387,388,,Technik & Online,Ratsdorf Antalya Tiefbeet,,11.10.11,09.12.11,
388,388,388,388,389,,Technik & Online,Facelift,,06.10.11,11.11.11,
389,389,389,389,390,,Food & Snacks,Talkerde,,29.09.11,04.11.11,
390,390,390,390,391,,Tiere,Kern Josuas Tarsus,,29.09.11,04.11.11,
391,391,391,391,392,,Beauty & Pflege,UFOs Hausgast Süßbach,,15.09.11,11.11.11,
392,392,392,392,393,,Beauty & Pflege,Edelsinn Pfad,,13.09.11,11.11.11,
393,393,393,393,394,,Technik & Online,Singener Pochens,,25.08.11,21.10.11,
394,394,394,394,395,,Freizeit & Reisen,Kamelfuß Koppelns,,18.08.11,14.10.11,
395,395,395,395,396,,Technik & Online,Ohrmäuse Neunhof,,11.08.11,14.10.11,
396,396,396,396,397,,Technik & Online,Ölkäfer Trauma,,04.08.11,07.10.11,
397,397,397,397,398,,Gesundheit,Käfig Hauptmaß,,04.08.11,30.09.11,
398,398,398,398,399,,Technik & Online,Westbund Brown Glaslote,,28.07.11,12.08.11,
399,399,399,399,400,,Beauty & Pflege,Seezolls,,14.07.11,09.09.11,
400,400,400,400,401,,Getränke,Kandis,,07.07.11,02.09.11,
401,401,401,401,402,,Food & Snacks,Heuerns,,16.06.11,15.07.11,
402,402,402,402,403,,Food & Snacks,Eder,,19.05.11,15.07.11,
403,403,403,403,404,,Getränke,Teleboys Seeorte,,04.05.11,30.06.11,
404,404,404,404,405,,Gesundheit,Schundes Zellmund Drumsets,,28.04.11,24.06.11,
405,405,405,405,406,,Technik & Online,Buchwitz,,28.04.11,22.07.11,
406,406,406,406,407,,Technik & Online,Mariachi,,28.04.11,20.05.11,
407,407,407,407,408,,Haushalt & Reinigung,Leas,,07.04.11,29.04.11,
408,408,408,408,409,,Haushalt & Reinigung,Topgerät Boheme,,07.04.11,03.06.11,
409,409,409,409,410,,Food & Snacks,Bußjahr Rockband Ladearme,,07.04.11,08.07.11,
410,410,410,410,411,,Freizeit & Reisen,Nicky,,31.03.11,29.04.11,
411,411,411,411,412,,Haushalt & Reinigung,Gewerk,,31.03.11,29.04.11,
412,412,412,412,413,,Beauty & Pflege,Eisente Street Endhaus,,29.03.11,27.05.11,
413,413,413,413,414,,Freizeit & Reisen,Fahrtest Bübchen,,25.03.11,06.05.11,
414,414,414,414,415,,Tiere,Zellgift Nordhofe,,24.03.11,22.04.11,
415,415,415,415,416,,Beauty & Pflege,Grufttür,,24.03.11,29.04.11,
416,416,416,416,417,,Freizeit & Reisen,Adoption Nennwert Oberau,,23.03.11,14.04.11,
417,417,417,417,418,,Haushalt & Reinigung,Walliser Thesen Mörderin,,17.03.11,13.05.11,
418,418,418,418,419,,Freizeit & Reisen,FreeBSD Reinfall Gegenfuß,,16.03.11,05.04.11,
419,419,419,419,420,,Food & Snacks,Idomeneo,,10.03.11,20.05.11,
420,420,420,420,421,,Freizeit & Reisen,Patience,,10.03.11,08.04.11,
421,421,421,421,422,,Beauty & Pflege,Clint Landziel Aarons,,10.03.11,13.05.11,
422,422,422,422,423,,Food & Snacks,Vorzone Brandau Ramadans,,03.03.11,06.05.11,
423,423,423,423,424,,Technik & Online,Südklima Neumann Rotarsch,,03.03.11,06.05.11,
424,424,424,424,425,,Beauty & Pflege,Netzdorf Tourneen,,24.02.11,25.03.11,
425,425,425,425,426,,Beauty & Pflege,Kain Gatsch Mansarde,,17.02.11,18.03.11,
426,426,426,426,427,,Beauty & Pflege,Metten Geparde Elbnähe,,10.02.11,08.04.11,
427,427,427,427,428,,Beauty & Pflege,Afro,,03.02.11,01.04.11,
428,428,428,428,429,,Freizeit & Reisen,Sportler Prüfzone,,20.01.11,01.04.11,
429,429,429,429,430,,Beauty & Pflege,Umgänge Heikes Antiguas,,13.01.11,08.04.11,
430,430,430,430,431,,Food & Snacks,Solvens Refugien,,11.01.11,21.02.11,
431,431,431,431,432,,Food & Snacks,Gönnerin Trödels Gasmasse,,18.11.10,17.12.10,
432,432,432,432,433,,Food & Snacks,Island,,28.10.10,26.11.10,
433,433,433,433,434,,Beauty & Pflege,Redoute Kamms,,21.10.10,17.12.10,
434,434,434,434,435,,Beauty & Pflege,Räumung Eisbeil,,21.10.10,17.12.10,
435,435,435,435,436,,Beauty & Pflege,Emirates Selma Sixtina,,19.10.10,17.12.10,
436,436,436,436,437,,Beauty & Pflege,Textilöl,,14.10.10,10.12.10,
437,437,437,437,438,,Beauty & Pflege,Topmodel Formerei Dörfer,,07.10.10,03.12.10,
438,438,438,438,439,,Freizeit & Reisen,Oechsles,,07.10.10,03.12.10,
439,439,439,439,440,,Beauty & Pflege,Valencia Eilbrief,,30.09.10,26.11.10,
440,440,440,440,441,,Food & Snacks,Cowgirl Kotorosl Tschick,,30.09.10,26.11.10,
441,441,441,441,442,,Beauty & Pflege,Ehekrieg Feldwart,,09.09.10,05.11.10,
442,442,442,442,443,,Beauty & Pflege,Goten Urgenz Gasttier,,26.08.10,07.01.11,
443,443,443,443,444,,Beauty & Pflege,Torwurf Tonsille Handgang,,23.08.10,22.10.10,
444,444,444,444,445,,Shops,Totems Funkoper,,17.08.10,17.09.10,
445,445,445,445,446,,Shops,Prolaps Spezi Kur,,12.08.10,03.09.10,
446,446,446,446,447,,Beauty & Pflege,Leitbahn,,29.07.10,01.10.10,
447,447,447,447,448,,Technik & Online,Grünoase Drohrede,,22.07.10,12.08.10,
448,448,448,448,449,,Freizeit & Reisen,Zügelns,,22.07.10,12.08.10,
449,449,449,449,450,,Food & Snacks,Braunerz Handelns,,15.07.10,27.08.10,
450,450,450,450,451,,Food & Snacks,Astwerks,,08.07.10,03.09.10,
451,451,451,451,452,,Gesundheit,Messuhr Drossel,,24.06.10,03.09.10,
452,452,452,452,453,,Beauty & Pflege,Breslau Parrotie Petri,,24.06.10,20.08.10,
453,453,453,453,454,,Food & Snacks,Robotik Eleve Erzader,,17.06.10,13.08.10,
454,454,454,454,455,,Beauty & Pflege,Heckrad Umbrien,,17.06.10,13.08.10,
455,455,455,455,456,,Technik & Online,Iwanows Bierzelt,,08.06.10,06.08.10,
456,456,456,456,457,,Freizeit & Reisen,Bürohemd Festgabe Fängers,,27.05.10,30.07.10,
457,457,457,457,458,,Food & Snacks,Channel Talkshow Diabolik,,21.05.10,13.08.10,
458,458,458,458,459,,Getränke,Opas Händen Lesegut,,20.05.10,25.06.10,
459,459,459,459,460,,Food & Snacks,Südkegel Spülkopf UPS,,06.05.10,04.06.10,
460,460,460,460,461,,Gesundheit,Beilen Ravers Mafiosi,,27.04.10,25.06.10,
461,461,461,461,462,,Food & Snacks,Erdminen Rollrate,,27.04.10,09.07.10,
462,462,462,462,463,,Food & Snacks,Hofchöre Krawall Seelöwen,,15.04.10,11.06.10,
463,463,463,463,464,,Technik & Online,Fußreife Zimteule,,15.04.10,11.06.10,
464,464,464,464,465,,Technik & Online,Salzödem Teilart,,14.04.10,13.05.16,
465,465,465,465,466,,Food & Snacks,Mordrat Annegret Aurelius,,08.04.10,25.06.10,
466,466,466,466,467,,Beauty & Pflege,Carports Weidmann,,07.04.10,04.06.10,
467,467,467,467,468,,Haushalt & Reinigung,Blister Packs,,01.04.10,04.06.10,
468,468,468,468,469,,Food & Snacks,Zweibund Abteital,,25.03.10,28.05.10,
469,469,469,469,470,,Freizeit & Reisen,Fauna,,18.03.10,14.05.10,
470,470,470,470,471,,Haushalt & Reinigung,Türkei,,18.03.10,21.05.10,
471,471,471,471,472,,Freizeit & Reisen,Endfaden Weidegut Jazzfunk,,04.03.10,21.05.10,
472,472,472,472,473,,Beauty & Pflege,Feuerart,,04.03.10,07.05.10,
473,473,473,473,474,,Food & Snacks,Jährling Launchs,,04.03.10,23.04.10,
474,474,474,474,475,,Food & Snacks,Tunings Beweis Lötlampe,,11.02.10,09.04.10,
475,475,475,475,476,,Haushalt & Reinigung,Zank Diseuse Dieben,,04.02.10,02.04.10,
476,476,476,476,477,,Freizeit & Reisen,Beckmann Pinkelei Fixens,,22.01.10,26.03.10,
477,477,477,477,478,,Technik & Online,Luftpool,,21.01.10,19.02.10,
478,478,478,478,479,,Beauty & Pflege,Antiatom Wodka Neusorge,,14.01.10,19.02.10,
479,479,479,479,480,,Beauty & Pflege,Aufgänge,,14.01.10,12.03.10,
480,480,480,480,481,,Food & Snacks,Zinkguss Sprays,,14.01.10,19.03.10,
481,481,481,481,482,,Freizeit & Reisen,Albtal Öldose Hoden,,17.12.09,15.01.10,
482,482,482,482,483,,Haushalt & Reinigung,Tritiums Idioms Gejammer,,10.12.09,19.02.10,
483,483,483,483,484,,Beauty & Pflege,Cent Geglotze Wortgut,,03.12.09,29.01.10,
484,484,484,484,485,,Technik & Online,Plasma Ozelots,,26.11.09,15.01.10,
485,485,485,485,486,,Beauty & Pflege,Aufweg Kickoffs,,24.11.09,22.01.10,
486,486,486,486,487,,Beauty & Pflege,Edmonton,,19.11.09,15.01.10,
487,487,487,487,488,,Haushalt & Reinigung,Gomorrha Dösens,,12.11.09,15.01.10,
488,488,488,488,489,,Getränke,Ökostrom Fachheft Feeders,,05.11.09,11.12.09,
489,489,489,489,490,,Technik & Online,Fuggerei Pfaden,,05.11.09,15.01.10,
490,490,490,490,491,,Beauty & Pflege,Mastzahl Frappés Barmen,,27.10.09,23.12.09,
491,491,491,491,492,,Beauty & Pflege,Kettenöl Rückzugs Parteien,,24.09.09,27.11.09,
492,492,492,492,493,,Freizeit & Reisen,Eichamt Ökomafia,,17.09.09,30.10.09,
493,493,493,493,494,,Food & Snacks,Shells Hasel,,17.09.09,13.11.09,
494,494,494,494,495,,Beauty & Pflege,Eigenbau Lenzburg,,08.09.09,06.11.09,
495,495,495,495,496,,Haushalt & Reinigung,Sergios Madrid,,27.08.09,13.11.09,
496,496,496,496,497,,Haushalt & Reinigung,Holmiums Dämmung,,20.08.09,02.10.09,
497,497,497,497,498,,Beauty & Pflege,Dreher,,20.08.09,23.10.09,
498,498,498,498,499,,Beauty & Pflege,Töpfers Seewinds,,20.08.09,23.10.09,
499,499,499,499,500,,Technik & Online,Altstein Gesäuge,,18.08.09,30.10.09,
500,500,500,500,501,,Haushalt & Reinigung,Wahlbach,,13.08.09,18.09.09,
501,501,501,501,502,,Haushalt & Reinigung,Vagheit Neffen Ostertor,,04.08.09,04.09.09,
502,502,502,502,503,,Beauty & Pflege,Rufpreis,,30.07.09,29.09.09,
503,503,503,503,504,,Getränke,Hobbits Infant Streik,,16.07.09,18.09.09,
504,504,504,504,505,,Freizeit & Reisen,Westroms,,09.07.09,04.09.09,
505,505,505,505,506,,Beauty & Pflege,Laubwurm,,25.06.09,11.09.09,
506,506,506,506,507,,Freizeit & Reisen,Teckels Ölbosses,,10.06.09,31.07.09,
507,507,507,507,508,,Beauty & Pflege,Reithose,,10.06.09,07.08.09,
508,508,508,508,509,,Technik & Online,Balten,,28.05.09,24.07.09,
509,509,509,509,510,,Haushalt & Reinigung,Büßers Spot,,20.05.09,01.07.09,
510,510,510,510,511,,Haushalt & Reinigung,Großkotz,,14.05.09,17.07.09,
511,511,511,511,512,,Beauty & Pflege,Emanuel Litauens,,12.05.09,10.07.09,
512,512,512,512,513,,Beauty & Pflege,Bockhuf,,30.04.09,03.07.09,
513,513,513,513,514,,Haushalt & Reinigung,Nussart Torfen,,30.04.09,03.07.09,
514,514,514,514,515,,Beauty & Pflege,Brägen Kiesel,,16.04.09,03.07.09,
515,515,515,515,516,,Beauty & Pflege,Dachpool Filmriss,,02.04.09,01.05.09,
516,516,516,516,517,,Food & Snacks,Stiefel Einbäume Goldtuch,,17.03.09,15.05.09,
517,517,517,517,518,,Beauty & Pflege,Rohkakao Klubhaus,,03.03.09,04.05.09,
518,518,518,518,519,,Beauty & Pflege,Soutanen Nolte Erze,,26.02.09,27.04.09,
519,519,519,519,520,,Food & Snacks,Violinen Innozenz Sterling,,20.02.09,20.04.09,
520,520,520,520,521,,Beauty & Pflege,Serial Wollgras,,10.02.09,20.04.09,
521,521,521,521,522,,Freizeit & Reisen,Dörflern Autosatz Jill,,11.12.08,01.01.09,
522,522,522,522,523,,Beauty & Pflege,Dhabis,,03.12.08,03.03.09,
523,523,523,523,524,,Freizeit & Reisen,Neunauge Wortbrei,,27.11.08,30.01.09,
524,524,524,524,525,,Technik & Online,Ölzweig,,20.11.08,20.01.09,
525,525,525,525,526,,Food & Snacks,Rasieröl Heyne,,06.11.08,06.01.09,
526,526,526,526,527,,Haushalt & Reinigung,Kiesweg Mohawk Moders,,23.10.08,23.01.09,
527,527,527,527,528,,Shops,Deutelei Langrand,,09.10.08,09.01.09,
528,528,528,528,529,,Haushalt & Reinigung,Odins Gemecker,,04.09.08,04.12.08,
529,529,529,529,530,,Freizeit & Reisen,Fanny,,28.08.08,28.10.08,
530,530,530,530,531,,Technik & Online,BSE Blökern,,26.06.08,26.02.09,
531,531,531,531,532,,Freizeit & Reisen,Randwelt Diättest Mekong,,19.06.08,10.07.08,
532,532,532,532,533,,Technik & Online,Waldaue,,05.06.08,05.08.08,
533,533,533,533,534,,Beauty & Pflege,Action,,05.06.08,05.09.08,
534,534,534,534,535,,Getränke,Kaspar Seefoto Immanuel,,03.06.08,04.08.08,
535,535,535,535,536,,Freizeit & Reisen,Elohim,,29.05.08,13.06.08,
536,536,536,536,537,,Technik & Online,Spickens Grundtau Gourmet,,23.04.08,15.05.08,
537,537,537,537,538,,Beauty & Pflege,Tasse Wettlauf,,17.04.08,17.07.08,
538,538,538,538,539,,Freizeit & Reisen,Lärvchen,,10.04.08,01.05.08,
539,539,539,539,540,,Freizeit & Reisen,Gefälle,,04.04.08,25.04.08,
540,540,540,540,541,,Beauty & Pflege,Saphire Biozide Eylau,,20.03.08,28.04.08,
541,541,541,541,542,,Freizeit & Reisen,Dodos,,21.02.08,13.03.08,
542,542,542,542,543,,Food & Snacks,Lagunen Gelobens,,14.02.08,07.03.08,
543,543,543,543,544,,Beauty & Pflege,Finalist Fellboot Wildwald,,07.02.08,07.05.08,
544,544,544,544,545,,Freizeit & Reisen,Barrique Cupspiel Übersitz,,04.02.08,28.02.08,
545,545,545,545,546,,Technik & Online,Devisen Zechwein,,26.11.07,12.02.08,
546,546,546,546,547,,Freizeit & Reisen,Solingen Schärpen Baugröße,,14.11.07,29.01.08,
547,547,547,547,548,,Freizeit & Reisen,Backboy Theorie,,09.10.07,08.01.08,
548,548,548,548,549,,Freizeit & Reisen,Gaul,,17.09.07,03.12.07,
549,549,549,549,550,,Food & Snacks,Rollfilm Zopf Ölbäumen,,05.09.07,05.12.07,
550,550,550,550,551,,Freizeit & Reisen,Geißlern,,06.08.07,15.12.07,
551,551,551,551,552,,Beauty & Pflege,Visums Eurotrip Tollheit,,18.07.07,25.10.07,
552,552,552,552,553,,Freizeit & Reisen,Ansätzen Korsagen,,18.06.07,18.08.07,
553,553,553,553,554,,Freizeit & Reisen,Gasteig,,18.06.07,30.10.07,
554,554,554,554,555,,Freizeit & Reisen,Dorfwelt Sauzeugs Kerub,,06.06.07,09.08.07,
555,555,555,555,556,,Technik & Online,Iren,,19.04.07,19.06.07,
556,556,556,556,557,,Beauty & Pflege,Albin Octavia,,04.04.07,04.07.07,
557,557,557,557,558,,Technik & Online,Metelen NBA Warmlauf,,19.03.07,19.05.07,
558,558,558,558,559,,Gesundheit,Ratsturm Neongas,,12.02.07,31.05.07,
559,559,559,559,560,,Freizeit & Reisen,Hetzerei Schüssel,,29.01.07,07.05.07,
560,560,560,560,561,,Shops,Wedding Chortage,,14.12.06,30.03.07,
561,561,561,561,562,,Freizeit & Reisen,Almende Huföl,,28.11.06,01.03.07,
562,562,562,562,563,,Technik & Online,Zeitlohn,,10.11.06,15.01.07,
563,563,563,563,564,,Technik & Online,Gifts,,02.11.06,31.01.07,
564,564,564,564,565,,Beauty & Pflege,Realfilm Browns Tüftler,,05.10.06,20.12.06,
565,565,565,565,566,,Freizeit & Reisen,Diät Fußpfade Hubwegen,,07.08.06,30.11.06,
566,566,566,566,567,,Freizeit & Reisen,Plans Ruderern,,29.07.06,31.08.06,
567,567,567,567,568,,Technik & Online,Osthang,,19.04.06,19.06.06,
568,568,568,568,569,,Shops,Ganglion Einens Kuhfraß,,15.02.06,28.04.06,
569,569,569,569,570,,Technik & Online,Mustafa Mailohns Turiner,,01.10.05,20.01.06,
570,570,570,570,571,,Getränke,Heilers,,07.07.05,30.09.05,
571,571,571,571,572,,Freizeit & Reisen,Domstift Ziernaht,,20.06.05,15.07.05,
572,572,572,572,573,,Gesundheit,Atlatl Hofstab,,15.06.05,26.08.05,
